OBJECTID,lattitude,longitude,lat&long
2450,23.79377163,90.36849764,"'23.79377163,90.36849764'"
2451,23.79377163,90.37029964,"'23.79377163,90.37029964'"
2452,23.79377163,90.37210164,"'23.79377163,90.37210164'"
2453,23.79377163,90.37390364,"'23.79377163,90.37390364'"
2454,23.79377163,90.37570564,"'23.79377163,90.37570564'"
2455,23.79377163,90.37750764,"'23.79377163,90.37750764'"
2456,23.79377163,90.37930964,"'23.79377163,90.37930964'"
2457,23.79377163,90.38111164,"'23.79377163,90.38111164'"
2458,23.79377163,90.38291364,"'23.79377163,90.38291364'"
2459,23.79377163,90.38471564,"'23.79377163,90.38471564'"
2460,23.79377163,90.38651764,"'23.79377163,90.38651764'"
2461,23.79377163,90.38831964,"'23.79377163,90.38831964'"
2462,23.79377163,90.39012164,"'23.79377163,90.39012164'"
2463,23.79377163,90.39192364,"'23.79377163,90.39192364'"
2464,23.79377163,90.39372564,"'23.79377163,90.39372564'"
2465,23.79377163,90.39552764,"'23.79377163,90.39552764'"
2466,23.79377163,90.39732964,"'23.79377163,90.39732964'"
2467,23.79377163,90.39913164,"'23.79377163,90.39913164'"
2468,23.79377163,90.40093364,"'23.79377163,90.40093364'"
2469,23.79377163,90.40273564,"'23.79377163,90.40273564'"
2470,23.79377163,90.40453764,"'23.79377163,90.40453764'"
2471,23.79377163,90.40633964,"'23.79377163,90.40633964'"
2472,23.79377163,90.40814164,"'23.79377163,90.40814164'"
2473,23.79377163,90.40994364,"'23.79377163,90.40994364'"
2474,23.79377163,90.41174564,"'23.79377163,90.41174564'"
2475,23.79377163,90.41354764,"'23.79377163,90.41354764'"
2476,23.79377163,90.41534964,"'23.79377163,90.41534964'"
2477,23.79377163,90.41715164,"'23.79377163,90.41715164'"
2478,23.79377163,90.41895364,"'23.79377163,90.41895364'"
2479,23.79377163,90.42075564,"'23.79377163,90.42075564'"
2480,23.79377163,90.42255764,"'23.79377163,90.42255764'"
2481,23.79377163,90.42435964,"'23.79377163,90.42435964'"
2482,23.79377163,90.42616164,"'23.79377163,90.42616164'"
2483,23.79557363,90.33966564,"'23.79557363,90.33966564'"
2484,23.79557363,90.34146764,"'23.79557363,90.34146764'"
2485,23.79557363,90.34326964,"'23.79557363,90.34326964'"
2486,23.79557363,90.34507164,"'23.79557363,90.34507164'"
2487,23.79557363,90.34687364,"'23.79557363,90.34687364'"
2488,23.79557363,90.34867564,"'23.79557363,90.34867564'"
2489,23.79557363,90.35047764,"'23.79557363,90.35047764'"
2490,23.79557363,90.35227964,"'23.79557363,90.35227964'"
2491,23.79557363,90.35408164,"'23.79557363,90.35408164'"
2492,23.79557363,90.35588364,"'23.79557363,90.35588364'"
2493,23.79557363,90.35768564,"'23.79557363,90.35768564'"
2494,23.79557363,90.35948764,"'23.79557363,90.35948764'"
2495,23.79557363,90.36128964,"'23.79557363,90.36128964'"
2496,23.79557363,90.36309164,"'23.79557363,90.36309164'"
2497,23.79557363,90.36489364,"'23.79557363,90.36489364'"
2498,23.79557363,90.36669564,"'23.79557363,90.36669564'"
2499,23.79557363,90.36849764,"'23.79557363,90.36849764'"
2500,23.79557363,90.37029964,"'23.79557363,90.37029964'"
2501,23.79557363,90.37210164,"'23.79557363,90.37210164'"
2502,23.79557363,90.37390364,"'23.79557363,90.37390364'"
2503,23.79557363,90.37570564,"'23.79557363,90.37570564'"
2504,23.79557363,90.37750764,"'23.79557363,90.37750764'"
2505,23.79557363,90.37930964,"'23.79557363,90.37930964'"
2506,23.79557363,90.38111164,"'23.79557363,90.38111164'"
2507,23.79557363,90.38291364,"'23.79557363,90.38291364'"
2508,23.79557363,90.38471564,"'23.79557363,90.38471564'"
2509,23.79557363,90.38651764,"'23.79557363,90.38651764'"
2510,23.79557363,90.38831964,"'23.79557363,90.38831964'"
2511,23.79557363,90.39012164,"'23.79557363,90.39012164'"
2512,23.79557363,90.39192364,"'23.79557363,90.39192364'"
2513,23.79557363,90.39372564,"'23.79557363,90.39372564'"
2514,23.79557363,90.39552764,"'23.79557363,90.39552764'"
2515,23.79557363,90.39732964,"'23.79557363,90.39732964'"
2516,23.79557363,90.39913164,"'23.79557363,90.39913164'"
2517,23.79557363,90.40093364,"'23.79557363,90.40093364'"
2518,23.79557363,90.40273564,"'23.79557363,90.40273564'"
2519,23.79557363,90.40453764,"'23.79557363,90.40453764'"
2520,23.79557363,90.40633964,"'23.79557363,90.40633964'"
2521,23.79557363,90.40814164,"'23.79557363,90.40814164'"
2522,23.79557363,90.40994364,"'23.79557363,90.40994364'"
2523,23.79557363,90.41174564,"'23.79557363,90.41174564'"
2524,23.79557363,90.41354764,"'23.79557363,90.41354764'"
2525,23.79557363,90.41534964,"'23.79557363,90.41534964'"
2526,23.79557363,90.41715164,"'23.79557363,90.41715164'"
2527,23.79557363,90.41895364,"'23.79557363,90.41895364'"
2528,23.79557363,90.42075564,"'23.79557363,90.42075564'"
2529,23.79557363,90.42255764,"'23.79557363,90.42255764'"
2530,23.79557363,90.42435964,"'23.79557363,90.42435964'"
2531,23.79737563,90.33966564,"'23.79737563,90.33966564'"
2532,23.79737563,90.34146764,"'23.79737563,90.34146764'"
2533,23.79737563,90.34326964,"'23.79737563,90.34326964'"
2534,23.79737563,90.34507164,"'23.79737563,90.34507164'"
2535,23.79737563,90.34687364,"'23.79737563,90.34687364'"
2536,23.79737563,90.34867564,"'23.79737563,90.34867564'"
2537,23.79737563,90.35047764,"'23.79737563,90.35047764'"
2538,23.79737563,90.35227964,"'23.79737563,90.35227964'"
2539,23.79737563,90.35408164,"'23.79737563,90.35408164'"
2540,23.79737563,90.35588364,"'23.79737563,90.35588364'"
2541,23.79737563,90.35768564,"'23.79737563,90.35768564'"
2542,23.79737563,90.35948764,"'23.79737563,90.35948764'"
2543,23.79737563,90.36128964,"'23.79737563,90.36128964'"
2544,23.79737563,90.36309164,"'23.79737563,90.36309164'"
2545,23.79737563,90.36489364,"'23.79737563,90.36489364'"
2546,23.79737563,90.36669564,"'23.79737563,90.36669564'"
2547,23.79737563,90.36849764,"'23.79737563,90.36849764'"
2548,23.79737563,90.37029964,"'23.79737563,90.37029964'"
2549,23.79737563,90.37210164,"'23.79737563,90.37210164'"
2550,23.79737563,90.37390364,"'23.79737563,90.37390364'"
2551,23.79737563,90.37570564,"'23.79737563,90.37570564'"
2552,23.79737563,90.37750764,"'23.79737563,90.37750764'"
2553,23.79737563,90.37930964,"'23.79737563,90.37930964'"
2554,23.79737563,90.38111164,"'23.79737563,90.38111164'"
2555,23.79737563,90.38291364,"'23.79737563,90.38291364'"
2556,23.79737563,90.38471564,"'23.79737563,90.38471564'"
2557,23.79737563,90.38651764,"'23.79737563,90.38651764'"
2558,23.79737563,90.38831964,"'23.79737563,90.38831964'"
2559,23.79737563,90.39012164,"'23.79737563,90.39012164'"
2560,23.79737563,90.39192364,"'23.79737563,90.39192364'"
2561,23.79737563,90.39372564,"'23.79737563,90.39372564'"
2562,23.79737563,90.39552764,"'23.79737563,90.39552764'"
2563,23.79737563,90.39732964,"'23.79737563,90.39732964'"
2564,23.79737563,90.39913164,"'23.79737563,90.39913164'"
2565,23.79737563,90.40093364,"'23.79737563,90.40093364'"
2566,23.79737563,90.40273564,"'23.79737563,90.40273564'"
2567,23.79737563,90.40453764,"'23.79737563,90.40453764'"
2568,23.79737563,90.40633964,"'23.79737563,90.40633964'"
2569,23.79737563,90.40814164,"'23.79737563,90.40814164'"
2570,23.79737563,90.40994364,"'23.79737563,90.40994364'"
2571,23.79737563,90.41174564,"'23.79737563,90.41174564'"
2572,23.79737563,90.41354764,"'23.79737563,90.41354764'"
2573,23.79737563,90.41534964,"'23.79737563,90.41534964'"
2574,23.79737563,90.41715164,"'23.79737563,90.41715164'"
2575,23.79737563,90.41895364,"'23.79737563,90.41895364'"
2576,23.79737563,90.42075564,"'23.79737563,90.42075564'"
2577,23.79737563,90.42255764,"'23.79737563,90.42255764'"
2578,23.79737563,90.42435964,"'23.79737563,90.42435964'"
2579,23.79917763,90.34326964,"'23.79917763,90.34326964'"
2580,23.79917763,90.34507164,"'23.79917763,90.34507164'"
2581,23.79917763,90.34687364,"'23.79917763,90.34687364'"
2582,23.79917763,90.34867564,"'23.79917763,90.34867564'"
2583,23.79917763,90.35047764,"'23.79917763,90.35047764'"
2584,23.79917763,90.35227964,"'23.79917763,90.35227964'"
2585,23.79917763,90.35408164,"'23.79917763,90.35408164'"
2586,23.79917763,90.35588364,"'23.79917763,90.35588364'"
2587,23.79917763,90.35768564,"'23.79917763,90.35768564'"
2588,23.79917763,90.35948764,"'23.79917763,90.35948764'"
2589,23.79917763,90.36128964,"'23.79917763,90.36128964'"
2590,23.79917763,90.36309164,"'23.79917763,90.36309164'"
2591,23.79917763,90.36489364,"'23.79917763,90.36489364'"
2592,23.79917763,90.36669564,"'23.79917763,90.36669564'"
2593,23.79917763,90.36849764,"'23.79917763,90.36849764'"
2594,23.79917763,90.37029964,"'23.79917763,90.37029964'"
2595,23.79917763,90.37210164,"'23.79917763,90.37210164'"
2596,23.79917763,90.37390364,"'23.79917763,90.37390364'"
2597,23.79917763,90.37570564,"'23.79917763,90.37570564'"
2598,23.79917763,90.37750764,"'23.79917763,90.37750764'"
2599,23.79917763,90.37930964,"'23.79917763,90.37930964'"
2600,23.79917763,90.38111164,"'23.79917763,90.38111164'"
2601,23.79917763,90.38291364,"'23.79917763,90.38291364'"
2602,23.79917763,90.38471564,"'23.79917763,90.38471564'"
2603,23.79917763,90.38651764,"'23.79917763,90.38651764'"
2604,23.79917763,90.38831964,"'23.79917763,90.38831964'"
2605,23.79917763,90.39012164,"'23.79917763,90.39012164'"
2606,23.79917763,90.39192364,"'23.79917763,90.39192364'"
2607,23.79917763,90.39372564,"'23.79917763,90.39372564'"
2608,23.79917763,90.39552764,"'23.79917763,90.39552764'"
2609,23.79917763,90.39732964,"'23.79917763,90.39732964'"
2610,23.79917763,90.39913164,"'23.79917763,90.39913164'"
2611,23.79917763,90.40093364,"'23.79917763,90.40093364'"
2612,23.79917763,90.40273564,"'23.79917763,90.40273564'"
2613,23.79917763,90.40453764,"'23.79917763,90.40453764'"
2614,23.79917763,90.40633964,"'23.79917763,90.40633964'"
2615,23.79917763,90.40814164,"'23.79917763,90.40814164'"
2616,23.79917763,90.40994364,"'23.79917763,90.40994364'"
2617,23.79917763,90.41174564,"'23.79917763,90.41174564'"
2618,23.79917763,90.41354764,"'23.79917763,90.41354764'"
2619,23.79917763,90.41534964,"'23.79917763,90.41534964'"
2620,23.79917763,90.41715164,"'23.79917763,90.41715164'"
2621,23.79917763,90.41895364,"'23.79917763,90.41895364'"
2622,23.79917763,90.42075564,"'23.79917763,90.42075564'"
2623,23.79917763,90.42255764,"'23.79917763,90.42255764'"
2624,23.80097963,90.34326964,"'23.80097963,90.34326964'"
2625,23.80097963,90.34507164,"'23.80097963,90.34507164'"
2626,23.80097963,90.34687364,"'23.80097963,90.34687364'"
2627,23.80097963,90.34867564,"'23.80097963,90.34867564'"
2628,23.80097963,90.35047764,"'23.80097963,90.35047764'"
2629,23.80097963,90.35227964,"'23.80097963,90.35227964'"
2630,23.80097963,90.35408164,"'23.80097963,90.35408164'"
2631,23.80097963,90.35588364,"'23.80097963,90.35588364'"
2632,23.80097963,90.35768564,"'23.80097963,90.35768564'"
2633,23.80097963,90.35948764,"'23.80097963,90.35948764'"
2634,23.80097963,90.36128964,"'23.80097963,90.36128964'"
2635,23.80097963,90.36309164,"'23.80097963,90.36309164'"
2636,23.80097963,90.36489364,"'23.80097963,90.36489364'"
2637,23.80097963,90.36669564,"'23.80097963,90.36669564'"
2638,23.80097963,90.36849764,"'23.80097963,90.36849764'"
2639,23.80097963,90.37029964,"'23.80097963,90.37029964'"
2640,23.80097963,90.37210164,"'23.80097963,90.37210164'"
2641,23.80097963,90.37390364,"'23.80097963,90.37390364'"
2642,23.80097963,90.37570564,"'23.80097963,90.37570564'"
2643,23.80097963,90.37750764,"'23.80097963,90.37750764'"
2644,23.80097963,90.37930964,"'23.80097963,90.37930964'"
2645,23.80097963,90.38111164,"'23.80097963,90.38111164'"
2646,23.80097963,90.38291364,"'23.80097963,90.38291364'"
2647,23.80097963,90.38471564,"'23.80097963,90.38471564'"
2648,23.80097963,90.38651764,"'23.80097963,90.38651764'"
2649,23.80097963,90.38831964,"'23.80097963,90.38831964'"
2650,23.80097963,90.39012164,"'23.80097963,90.39012164'"
2651,23.80097963,90.39192364,"'23.80097963,90.39192364'"
2652,23.80097963,90.39372564,"'23.80097963,90.39372564'"
2653,23.80097963,90.39552764,"'23.80097963,90.39552764'"
2654,23.80097963,90.39732964,"'23.80097963,90.39732964'"
2655,23.80097963,90.39913164,"'23.80097963,90.39913164'"
2656,23.80097963,90.40093364,"'23.80097963,90.40093364'"
2657,23.80097963,90.40273564,"'23.80097963,90.40273564'"
2658,23.80097963,90.40453764,"'23.80097963,90.40453764'"
2659,23.80097963,90.40633964,"'23.80097963,90.40633964'"
2660,23.80097963,90.40814164,"'23.80097963,90.40814164'"
2661,23.80097963,90.40994364,"'23.80097963,90.40994364'"
2662,23.80097963,90.41174564,"'23.80097963,90.41174564'"
2663,23.80097963,90.41354764,"'23.80097963,90.41354764'"
2664,23.80097963,90.41534964,"'23.80097963,90.41534964'"
2665,23.80097963,90.41715164,"'23.80097963,90.41715164'"
2666,23.80097963,90.41895364,"'23.80097963,90.41895364'"
2667,23.80097963,90.42075564,"'23.80097963,90.42075564'"
2668,23.80097963,90.42255764,"'23.80097963,90.42255764'"
2669,23.80278163,90.34326964,"'23.80278163,90.34326964'"
2670,23.80278163,90.34507164,"'23.80278163,90.34507164'"
2671,23.80278163,90.34687364,"'23.80278163,90.34687364'"
2672,23.80278163,90.34867564,"'23.80278163,90.34867564'"
2673,23.80278163,90.35047764,"'23.80278163,90.35047764'"
2674,23.80278163,90.35227964,"'23.80278163,90.35227964'"
2675,23.80278163,90.35408164,"'23.80278163,90.35408164'"
2676,23.80278163,90.35588364,"'23.80278163,90.35588364'"
2677,23.80278163,90.35768564,"'23.80278163,90.35768564'"
2678,23.80278163,90.35948764,"'23.80278163,90.35948764'"
2679,23.80278163,90.36128964,"'23.80278163,90.36128964'"
2680,23.80278163,90.36309164,"'23.80278163,90.36309164'"
2681,23.80278163,90.36489364,"'23.80278163,90.36489364'"
2682,23.80278163,90.36669564,"'23.80278163,90.36669564'"
2683,23.80278163,90.36849764,"'23.80278163,90.36849764'"
2684,23.80278163,90.37029964,"'23.80278163,90.37029964'"
2685,23.80278163,90.37210164,"'23.80278163,90.37210164'"
2686,23.80278163,90.37390364,"'23.80278163,90.37390364'"
2687,23.80278163,90.37570564,"'23.80278163,90.37570564'"
2688,23.80278163,90.37750764,"'23.80278163,90.37750764'"
2689,23.80278163,90.37930964,"'23.80278163,90.37930964'"
2690,23.80278163,90.38111164,"'23.80278163,90.38111164'"
2691,23.80278163,90.38291364,"'23.80278163,90.38291364'"
2692,23.80278163,90.38471564,"'23.80278163,90.38471564'"
2693,23.80278163,90.38651764,"'23.80278163,90.38651764'"
2694,23.80278163,90.38831964,"'23.80278163,90.38831964'"
2695,23.80278163,90.39012164,"'23.80278163,90.39012164'"
2696,23.80278163,90.39192364,"'23.80278163,90.39192364'"
2697,23.80278163,90.39372564,"'23.80278163,90.39372564'"
2698,23.80278163,90.39552764,"'23.80278163,90.39552764'"
2699,23.80278163,90.39732964,"'23.80278163,90.39732964'"
2700,23.80278163,90.39913164,"'23.80278163,90.39913164'"
2701,23.80278163,90.40093364,"'23.80278163,90.40093364'"
2702,23.80278163,90.40273564,"'23.80278163,90.40273564'"
2703,23.80278163,90.40453764,"'23.80278163,90.40453764'"
2704,23.80278163,90.40633964,"'23.80278163,90.40633964'"
2705,23.80278163,90.40814164,"'23.80278163,90.40814164'"
2706,23.80278163,90.40994364,"'23.80278163,90.40994364'"
2707,23.80278163,90.41174564,"'23.80278163,90.41174564'"
2708,23.80278163,90.41354764,"'23.80278163,90.41354764'"
2709,23.80278163,90.41534964,"'23.80278163,90.41534964'"
2710,23.80278163,90.41715164,"'23.80278163,90.41715164'"
2711,23.80278163,90.41895364,"'23.80278163,90.41895364'"
2712,23.80278163,90.42075564,"'23.80278163,90.42075564'"
2713,23.80278163,90.42255764,"'23.80278163,90.42255764'"
2714,23.80458363,90.34326964,"'23.80458363,90.34326964'"
2715,23.80458363,90.34507164,"'23.80458363,90.34507164'"
2716,23.80458363,90.34687364,"'23.80458363,90.34687364'"
2717,23.80458363,90.34867564,"'23.80458363,90.34867564'"
2718,23.80458363,90.35047764,"'23.80458363,90.35047764'"
2719,23.80458363,90.35227964,"'23.80458363,90.35227964'"
2720,23.80458363,90.35408164,"'23.80458363,90.35408164'"
2721,23.80458363,90.35588364,"'23.80458363,90.35588364'"
2722,23.80458363,90.35768564,"'23.80458363,90.35768564'"
2723,23.80458363,90.35948764,"'23.80458363,90.35948764'"
2724,23.80458363,90.36128964,"'23.80458363,90.36128964'"
2725,23.80458363,90.36309164,"'23.80458363,90.36309164'"
2726,23.80458363,90.36489364,"'23.80458363,90.36489364'"
2727,23.80458363,90.36669564,"'23.80458363,90.36669564'"
2728,23.80458363,90.36849764,"'23.80458363,90.36849764'"
2729,23.80458363,90.37029964,"'23.80458363,90.37029964'"
2730,23.80458363,90.37210164,"'23.80458363,90.37210164'"
2731,23.80458363,90.37390364,"'23.80458363,90.37390364'"
2732,23.80458363,90.37570564,"'23.80458363,90.37570564'"
2733,23.80458363,90.37750764,"'23.80458363,90.37750764'"
2734,23.80458363,90.37930964,"'23.80458363,90.37930964'"
2735,23.80458363,90.38111164,"'23.80458363,90.38111164'"
2736,23.80458363,90.38291364,"'23.80458363,90.38291364'"
2737,23.80458363,90.38471564,"'23.80458363,90.38471564'"
2738,23.80458363,90.38651764,"'23.80458363,90.38651764'"
2739,23.80458363,90.38831964,"'23.80458363,90.38831964'"
2740,23.80458363,90.39012164,"'23.80458363,90.39012164'"
2741,23.80458363,90.39192364,"'23.80458363,90.39192364'"
2742,23.80458363,90.39372564,"'23.80458363,90.39372564'"
2743,23.80458363,90.39552764,"'23.80458363,90.39552764'"
2744,23.80458363,90.39732964,"'23.80458363,90.39732964'"
2745,23.80458363,90.39913164,"'23.80458363,90.39913164'"
2746,23.80458363,90.40093364,"'23.80458363,90.40093364'"
2747,23.80458363,90.40273564,"'23.80458363,90.40273564'"
2748,23.80458363,90.40453764,"'23.80458363,90.40453764'"
2749,23.80458363,90.40633964,"'23.80458363,90.40633964'"
2750,23.80458363,90.40814164,"'23.80458363,90.40814164'"
2751,23.80458363,90.40994364,"'23.80458363,90.40994364'"
2752,23.80458363,90.41174564,"'23.80458363,90.41174564'"
2753,23.80458363,90.41354764,"'23.80458363,90.41354764'"
2754,23.80458363,90.41534964,"'23.80458363,90.41534964'"
2755,23.80458363,90.41715164,"'23.80458363,90.41715164'"
2756,23.80458363,90.41895364,"'23.80458363,90.41895364'"
2757,23.80458363,90.42075564,"'23.80458363,90.42075564'"
2758,23.80458363,90.42255764,"'23.80458363,90.42255764'"
2759,23.80638563,90.34146764,"'23.80638563,90.34146764'"
2760,23.80638563,90.34326964,"'23.80638563,90.34326964'"
2761,23.80638563,90.34507164,"'23.80638563,90.34507164'"
2762,23.80638563,90.34687364,"'23.80638563,90.34687364'"
2763,23.80638563,90.34867564,"'23.80638563,90.34867564'"
2764,23.80638563,90.35047764,"'23.80638563,90.35047764'"
2765,23.80638563,90.35227964,"'23.80638563,90.35227964'"
2766,23.80638563,90.35408164,"'23.80638563,90.35408164'"
2767,23.80638563,90.35588364,"'23.80638563,90.35588364'"
2768,23.80638563,90.35768564,"'23.80638563,90.35768564'"
2769,23.80638563,90.35948764,"'23.80638563,90.35948764'"
2770,23.80638563,90.36128964,"'23.80638563,90.36128964'"
2771,23.80638563,90.36309164,"'23.80638563,90.36309164'"
2772,23.80638563,90.36489364,"'23.80638563,90.36489364'"
2773,23.80638563,90.36669564,"'23.80638563,90.36669564'"
2774,23.80638563,90.36849764,"'23.80638563,90.36849764'"
2775,23.80638563,90.37029964,"'23.80638563,90.37029964'"
2776,23.80638563,90.37210164,"'23.80638563,90.37210164'"
2777,23.80638563,90.37390364,"'23.80638563,90.37390364'"
2778,23.80638563,90.37570564,"'23.80638563,90.37570564'"
2779,23.80638563,90.37750764,"'23.80638563,90.37750764'"
2780,23.80638563,90.37930964,"'23.80638563,90.37930964'"
2781,23.80638563,90.38111164,"'23.80638563,90.38111164'"
2782,23.80638563,90.38291364,"'23.80638563,90.38291364'"
2783,23.80638563,90.38471564,"'23.80638563,90.38471564'"
2784,23.80638563,90.38651764,"'23.80638563,90.38651764'"
2785,23.80638563,90.38831964,"'23.80638563,90.38831964'"
2786,23.80638563,90.39012164,"'23.80638563,90.39012164'"
2787,23.80638563,90.39192364,"'23.80638563,90.39192364'"
2788,23.80638563,90.39372564,"'23.80638563,90.39372564'"
2789,23.80638563,90.39552764,"'23.80638563,90.39552764'"
2790,23.80638563,90.39732964,"'23.80638563,90.39732964'"
2791,23.80638563,90.39913164,"'23.80638563,90.39913164'"
2792,23.80638563,90.40093364,"'23.80638563,90.40093364'"
2793,23.80638563,90.40273564,"'23.80638563,90.40273564'"
2794,23.80638563,90.40453764,"'23.80638563,90.40453764'"
2795,23.80638563,90.40633964,"'23.80638563,90.40633964'"
2796,23.80638563,90.40814164,"'23.80638563,90.40814164'"
2797,23.80638563,90.40994364,"'23.80638563,90.40994364'"
2798,23.80638563,90.41174564,"'23.80638563,90.41174564'"
2799,23.80638563,90.41354764,"'23.80638563,90.41354764'"
2800,23.80638563,90.41534964,"'23.80638563,90.41534964'"
2801,23.80638563,90.41715164,"'23.80638563,90.41715164'"
2802,23.80638563,90.41895364,"'23.80638563,90.41895364'"
2803,23.80638563,90.42075564,"'23.80638563,90.42075564'"
2804,23.80638563,90.42255764,"'23.80638563,90.42255764'"
2805,23.80638563,90.42435964,"'23.80638563,90.42435964'"
2806,23.80638563,90.42616164,"'23.80638563,90.42616164'"
2807,23.80818763,90.33966564,"'23.80818763,90.33966564'"
2808,23.80818763,90.34146764,"'23.80818763,90.34146764'"
2809,23.80818763,90.34326964,"'23.80818763,90.34326964'"
2810,23.80818763,90.34507164,"'23.80818763,90.34507164'"
2811,23.80818763,90.34687364,"'23.80818763,90.34687364'"
2812,23.80818763,90.34867564,"'23.80818763,90.34867564'"
2813,23.80818763,90.35047764,"'23.80818763,90.35047764'"
2814,23.80818763,90.35227964,"'23.80818763,90.35227964'"
2815,23.80818763,90.35408164,"'23.80818763,90.35408164'"
2816,23.80818763,90.35588364,"'23.80818763,90.35588364'"
2817,23.80818763,90.35768564,"'23.80818763,90.35768564'"
2818,23.80818763,90.35948764,"'23.80818763,90.35948764'"
2819,23.80818763,90.36128964,"'23.80818763,90.36128964'"
2820,23.80818763,90.36309164,"'23.80818763,90.36309164'"
2821,23.80818763,90.36489364,"'23.80818763,90.36489364'"
2822,23.80818763,90.36669564,"'23.80818763,90.36669564'"
2823,23.80818763,90.36849764,"'23.80818763,90.36849764'"
2824,23.80818763,90.37029964,"'23.80818763,90.37029964'"
2825,23.80818763,90.37210164,"'23.80818763,90.37210164'"
2826,23.80818763,90.37390364,"'23.80818763,90.37390364'"
2827,23.80818763,90.37570564,"'23.80818763,90.37570564'"
2828,23.80818763,90.37750764,"'23.80818763,90.37750764'"
2829,23.80818763,90.37930964,"'23.80818763,90.37930964'"
2830,23.80818763,90.38111164,"'23.80818763,90.38111164'"
2831,23.80818763,90.38291364,"'23.80818763,90.38291364'"
2832,23.80818763,90.38471564,"'23.80818763,90.38471564'"
2833,23.80818763,90.38651764,"'23.80818763,90.38651764'"
2834,23.80818763,90.38831964,"'23.80818763,90.38831964'"
2835,23.80818763,90.39012164,"'23.80818763,90.39012164'"
2836,23.80818763,90.39192364,"'23.80818763,90.39192364'"
2837,23.80818763,90.39372564,"'23.80818763,90.39372564'"
2838,23.80818763,90.39552764,"'23.80818763,90.39552764'"
2839,23.80818763,90.39732964,"'23.80818763,90.39732964'"
2840,23.80818763,90.39913164,"'23.80818763,90.39913164'"
2841,23.80818763,90.40093364,"'23.80818763,90.40093364'"
2842,23.80818763,90.40273564,"'23.80818763,90.40273564'"
2843,23.80818763,90.40453764,"'23.80818763,90.40453764'"
2844,23.80818763,90.40633964,"'23.80818763,90.40633964'"
2845,23.80818763,90.40814164,"'23.80818763,90.40814164'"
2846,23.80818763,90.40994364,"'23.80818763,90.40994364'"
2847,23.80818763,90.41174564,"'23.80818763,90.41174564'"
2848,23.80818763,90.41354764,"'23.80818763,90.41354764'"
2849,23.80818763,90.41534964,"'23.80818763,90.41534964'"
2850,23.80818763,90.41715164,"'23.80818763,90.41715164'"
2851,23.80818763,90.41895364,"'23.80818763,90.41895364'"
2852,23.80818763,90.42075564,"'23.80818763,90.42075564'"
2853,23.80818763,90.42255764,"'23.80818763,90.42255764'"
2854,23.80818763,90.42435964,"'23.80818763,90.42435964'"
2855,23.80818763,90.42616164,"'23.80818763,90.42616164'"
2856,23.80818763,90.42796364,"'23.80818763,90.42796364'"
2857,23.80998963,90.33966564,"'23.80998963,90.33966564'"
2858,23.80998963,90.34146764,"'23.80998963,90.34146764'"
2859,23.80998963,90.34326964,"'23.80998963,90.34326964'"
2860,23.80998963,90.34507164,"'23.80998963,90.34507164'"
2861,23.80998963,90.34687364,"'23.80998963,90.34687364'"
2862,23.80998963,90.34867564,"'23.80998963,90.34867564'"
2863,23.80998963,90.35047764,"'23.80998963,90.35047764'"
2864,23.80998963,90.35227964,"'23.80998963,90.35227964'"
2865,23.80998963,90.35408164,"'23.80998963,90.35408164'"
2866,23.80998963,90.35588364,"'23.80998963,90.35588364'"
2867,23.80998963,90.35768564,"'23.80998963,90.35768564'"
2868,23.80998963,90.35948764,"'23.80998963,90.35948764'"
2869,23.80998963,90.36128964,"'23.80998963,90.36128964'"
2870,23.80998963,90.36309164,"'23.80998963,90.36309164'"
2871,23.80998963,90.36489364,"'23.80998963,90.36489364'"
2872,23.80998963,90.36669564,"'23.80998963,90.36669564'"
2873,23.80998963,90.36849764,"'23.80998963,90.36849764'"
2874,23.80998963,90.37029964,"'23.80998963,90.37029964'"
2875,23.80998963,90.37210164,"'23.80998963,90.37210164'"
2876,23.80998963,90.37390364,"'23.80998963,90.37390364'"
2877,23.80998963,90.37570564,"'23.80998963,90.37570564'"
2878,23.80998963,90.37750764,"'23.80998963,90.37750764'"
2879,23.80998963,90.37930964,"'23.80998963,90.37930964'"
2880,23.80998963,90.38111164,"'23.80998963,90.38111164'"
2881,23.80998963,90.38291364,"'23.80998963,90.38291364'"
2882,23.80998963,90.38471564,"'23.80998963,90.38471564'"
2883,23.80998963,90.38651764,"'23.80998963,90.38651764'"
2884,23.80998963,90.38831964,"'23.80998963,90.38831964'"
2885,23.80998963,90.39012164,"'23.80998963,90.39012164'"
2886,23.80998963,90.39192364,"'23.80998963,90.39192364'"
2887,23.80998963,90.39372564,"'23.80998963,90.39372564'"
2888,23.80998963,90.39552764,"'23.80998963,90.39552764'"
2889,23.80998963,90.39732964,"'23.80998963,90.39732964'"
2890,23.80998963,90.39913164,"'23.80998963,90.39913164'"
2891,23.80998963,90.40093364,"'23.80998963,90.40093364'"
2892,23.80998963,90.40273564,"'23.80998963,90.40273564'"
2893,23.80998963,90.40453764,"'23.80998963,90.40453764'"
2894,23.80998963,90.40633964,"'23.80998963,90.40633964'"
2895,23.80998963,90.40814164,"'23.80998963,90.40814164'"
2896,23.80998963,90.40994364,"'23.80998963,90.40994364'"
2897,23.80998963,90.41174564,"'23.80998963,90.41174564'"
2898,23.80998963,90.41354764,"'23.80998963,90.41354764'"
2899,23.80998963,90.41534964,"'23.80998963,90.41534964'"
2900,23.80998963,90.41715164,"'23.80998963,90.41715164'"
2901,23.80998963,90.41895364,"'23.80998963,90.41895364'"
2902,23.80998963,90.42075564,"'23.80998963,90.42075564'"
2903,23.80998963,90.42255764,"'23.80998963,90.42255764'"
2904,23.80998963,90.42435964,"'23.80998963,90.42435964'"
2905,23.80998963,90.42616164,"'23.80998963,90.42616164'"
2906,23.80998963,90.42796364,"'23.80998963,90.42796364'"
2907,23.81179163,90.33966564,"'23.81179163,90.33966564'"
2908,23.81179163,90.34146764,"'23.81179163,90.34146764'"
2909,23.81179163,90.34326964,"'23.81179163,90.34326964'"
2910,23.81179163,90.34507164,"'23.81179163,90.34507164'"
2911,23.81179163,90.34687364,"'23.81179163,90.34687364'"
2912,23.81179163,90.34867564,"'23.81179163,90.34867564'"
2913,23.81179163,90.35047764,"'23.81179163,90.35047764'"
2914,23.81179163,90.35227964,"'23.81179163,90.35227964'"
2915,23.81179163,90.35408164,"'23.81179163,90.35408164'"
2916,23.81179163,90.35588364,"'23.81179163,90.35588364'"
2917,23.81179163,90.35768564,"'23.81179163,90.35768564'"
2918,23.81179163,90.35948764,"'23.81179163,90.35948764'"
2919,23.81179163,90.36128964,"'23.81179163,90.36128964'"
2920,23.81179163,90.36309164,"'23.81179163,90.36309164'"
2921,23.81179163,90.36489364,"'23.81179163,90.36489364'"
2922,23.81179163,90.36669564,"'23.81179163,90.36669564'"
2923,23.81179163,90.36849764,"'23.81179163,90.36849764'"
2924,23.81179163,90.37029964,"'23.81179163,90.37029964'"
2925,23.81179163,90.37210164,"'23.81179163,90.37210164'"
2926,23.81179163,90.37390364,"'23.81179163,90.37390364'"
2927,23.81179163,90.37570564,"'23.81179163,90.37570564'"
2928,23.81179163,90.37750764,"'23.81179163,90.37750764'"
2929,23.81179163,90.37930964,"'23.81179163,90.37930964'"
2930,23.81179163,90.38111164,"'23.81179163,90.38111164'"
2931,23.81179163,90.38291364,"'23.81179163,90.38291364'"
2932,23.81179163,90.38471564,"'23.81179163,90.38471564'"
2933,23.81179163,90.38651764,"'23.81179163,90.38651764'"
2934,23.81179163,90.38831964,"'23.81179163,90.38831964'"
2935,23.81179163,90.39012164,"'23.81179163,90.39012164'"
2936,23.81179163,90.39192364,"'23.81179163,90.39192364'"
2937,23.81179163,90.39372564,"'23.81179163,90.39372564'"
2938,23.81179163,90.39552764,"'23.81179163,90.39552764'"
2939,23.81179163,90.39732964,"'23.81179163,90.39732964'"
2940,23.81179163,90.39913164,"'23.81179163,90.39913164'"
2941,23.81179163,90.40093364,"'23.81179163,90.40093364'"
2942,23.81179163,90.40273564,"'23.81179163,90.40273564'"
2943,23.81179163,90.40453764,"'23.81179163,90.40453764'"
2944,23.81179163,90.40633964,"'23.81179163,90.40633964'"
2945,23.81179163,90.40814164,"'23.81179163,90.40814164'"
2946,23.81179163,90.40994364,"'23.81179163,90.40994364'"
2947,23.81179163,90.41174564,"'23.81179163,90.41174564'"
2948,23.81179163,90.41354764,"'23.81179163,90.41354764'"
2949,23.81179163,90.41534964,"'23.81179163,90.41534964'"
2950,23.81179163,90.41715164,"'23.81179163,90.41715164'"
2951,23.81179163,90.41895364,"'23.81179163,90.41895364'"
2952,23.81179163,90.42075564,"'23.81179163,90.42075564'"
2953,23.81179163,90.42255764,"'23.81179163,90.42255764'"
2954,23.81179163,90.42435964,"'23.81179163,90.42435964'"
2955,23.81179163,90.42616164,"'23.81179163,90.42616164'"
2956,23.81179163,90.42796364,"'23.81179163,90.42796364'"
2957,23.81359363,90.33966564,"'23.81359363,90.33966564'"
2958,23.81359363,90.34146764,"'23.81359363,90.34146764'"
2959,23.81359363,90.34326964,"'23.81359363,90.34326964'"
2960,23.81359363,90.34507164,"'23.81359363,90.34507164'"
2961,23.81359363,90.34687364,"'23.81359363,90.34687364'"
2962,23.81359363,90.34867564,"'23.81359363,90.34867564'"
2963,23.81359363,90.35047764,"'23.81359363,90.35047764'"
2964,23.81359363,90.35227964,"'23.81359363,90.35227964'"
2965,23.81359363,90.35408164,"'23.81359363,90.35408164'"
2966,23.81359363,90.35588364,"'23.81359363,90.35588364'"
2967,23.81359363,90.35768564,"'23.81359363,90.35768564'"
2968,23.81359363,90.35948764,"'23.81359363,90.35948764'"
2969,23.81359363,90.36128964,"'23.81359363,90.36128964'"
2970,23.81359363,90.36309164,"'23.81359363,90.36309164'"
2971,23.81359363,90.36489364,"'23.81359363,90.36489364'"
2972,23.81359363,90.36669564,"'23.81359363,90.36669564'"
2973,23.81359363,90.36849764,"'23.81359363,90.36849764'"
2974,23.81359363,90.37029964,"'23.81359363,90.37029964'"
2975,23.81359363,90.37210164,"'23.81359363,90.37210164'"
2976,23.81359363,90.37390364,"'23.81359363,90.37390364'"
2977,23.81359363,90.37570564,"'23.81359363,90.37570564'"
2978,23.81359363,90.37750764,"'23.81359363,90.37750764'"
2979,23.81359363,90.37930964,"'23.81359363,90.37930964'"
2980,23.81359363,90.38111164,"'23.81359363,90.38111164'"
2981,23.81359363,90.38291364,"'23.81359363,90.38291364'"
2982,23.81359363,90.38471564,"'23.81359363,90.38471564'"
2983,23.81359363,90.38651764,"'23.81359363,90.38651764'"
2984,23.81359363,90.38831964,"'23.81359363,90.38831964'"
2985,23.81359363,90.39012164,"'23.81359363,90.39012164'"
2986,23.81359363,90.39192364,"'23.81359363,90.39192364'"
2987,23.81359363,90.39372564,"'23.81359363,90.39372564'"
2988,23.81359363,90.39552764,"'23.81359363,90.39552764'"
2989,23.81359363,90.39732964,"'23.81359363,90.39732964'"
2990,23.81359363,90.39913164,"'23.81359363,90.39913164'"
2991,23.81359363,90.40093364,"'23.81359363,90.40093364'"
2992,23.81359363,90.40273564,"'23.81359363,90.40273564'"
2993,23.81359363,90.40453764,"'23.81359363,90.40453764'"
2994,23.81359363,90.40633964,"'23.81359363,90.40633964'"
2995,23.81359363,90.40814164,"'23.81359363,90.40814164'"
2996,23.81359363,90.40994364,"'23.81359363,90.40994364'"
2997,23.81359363,90.41174564,"'23.81359363,90.41174564'"
2998,23.81359363,90.41354764,"'23.81359363,90.41354764'"
2999,23.81359363,90.41534964,"'23.81359363,90.41534964'"
3000,23.81359363,90.41715164,"'23.81359363,90.41715164'"
3001,23.81359363,90.41895364,"'23.81359363,90.41895364'"
3002,23.81359363,90.42075564,"'23.81359363,90.42075564'"
3003,23.81359363,90.42255764,"'23.81359363,90.42255764'"
3004,23.81359363,90.42435964,"'23.81359363,90.42435964'"
3005,23.81359363,90.42616164,"'23.81359363,90.42616164'"
3006,23.81359363,90.42796364,"'23.81359363,90.42796364'"
3007,23.81359363,90.42976564,"'23.81359363,90.42976564'"
3008,23.81539563,90.34146764,"'23.81539563,90.34146764'"
3009,23.81539563,90.34326964,"'23.81539563,90.34326964'"
3010,23.81539563,90.34507164,"'23.81539563,90.34507164'"
3011,23.81539563,90.34687364,"'23.81539563,90.34687364'"
3012,23.81539563,90.34867564,"'23.81539563,90.34867564'"
3013,23.81539563,90.35047764,"'23.81539563,90.35047764'"
3014,23.81539563,90.35227964,"'23.81539563,90.35227964'"
3015,23.81539563,90.35408164,"'23.81539563,90.35408164'"
3016,23.81539563,90.35588364,"'23.81539563,90.35588364'"
3017,23.81539563,90.35768564,"'23.81539563,90.35768564'"
3018,23.81539563,90.35948764,"'23.81539563,90.35948764'"
3019,23.81539563,90.36128964,"'23.81539563,90.36128964'"
3020,23.81539563,90.36309164,"'23.81539563,90.36309164'"
3021,23.81539563,90.36489364,"'23.81539563,90.36489364'"
3022,23.81539563,90.36669564,"'23.81539563,90.36669564'"
3023,23.81539563,90.36849764,"'23.81539563,90.36849764'"
3024,23.81539563,90.37029964,"'23.81539563,90.37029964'"
3025,23.81539563,90.37210164,"'23.81539563,90.37210164'"
3026,23.81539563,90.37390364,"'23.81539563,90.37390364'"
3027,23.81539563,90.37570564,"'23.81539563,90.37570564'"
3028,23.81539563,90.37750764,"'23.81539563,90.37750764'"
3029,23.81539563,90.37930964,"'23.81539563,90.37930964'"
3030,23.81539563,90.38111164,"'23.81539563,90.38111164'"
3031,23.81539563,90.38291364,"'23.81539563,90.38291364'"
3032,23.81539563,90.38471564,"'23.81539563,90.38471564'"
3033,23.81539563,90.38651764,"'23.81539563,90.38651764'"
3034,23.81539563,90.38831964,"'23.81539563,90.38831964'"
3035,23.81539563,90.39012164,"'23.81539563,90.39012164'"
3036,23.81539563,90.39192364,"'23.81539563,90.39192364'"
3037,23.81539563,90.39372564,"'23.81539563,90.39372564'"
3038,23.81539563,90.39552764,"'23.81539563,90.39552764'"
3039,23.81539563,90.39732964,"'23.81539563,90.39732964'"
3040,23.81539563,90.39913164,"'23.81539563,90.39913164'"
3041,23.81539563,90.40093364,"'23.81539563,90.40093364'"
3042,23.81539563,90.40273564,"'23.81539563,90.40273564'"
3043,23.81539563,90.40453764,"'23.81539563,90.40453764'"
3044,23.81539563,90.40633964,"'23.81539563,90.40633964'"
3045,23.81539563,90.40814164,"'23.81539563,90.40814164'"
3046,23.81539563,90.40994364,"'23.81539563,90.40994364'"
3047,23.81539563,90.41174564,"'23.81539563,90.41174564'"
3048,23.81539563,90.41354764,"'23.81539563,90.41354764'"
3049,23.81539563,90.41534964,"'23.81539563,90.41534964'"
3050,23.81539563,90.41715164,"'23.81539563,90.41715164'"
3051,23.81539563,90.41895364,"'23.81539563,90.41895364'"
3052,23.81539563,90.42075564,"'23.81539563,90.42075564'"
3053,23.81539563,90.42255764,"'23.81539563,90.42255764'"
3054,23.81539563,90.42435964,"'23.81539563,90.42435964'"
3055,23.81539563,90.42616164,"'23.81539563,90.42616164'"
3056,23.81539563,90.42796364,"'23.81539563,90.42796364'"
3057,23.81539563,90.42976564,"'23.81539563,90.42976564'"
3058,23.81539563,90.43156764,"'23.81539563,90.43156764'"
3059,23.81719763,90.34146764,"'23.81719763,90.34146764'"
3060,23.81719763,90.34326964,"'23.81719763,90.34326964'"
3061,23.81719763,90.34507164,"'23.81719763,90.34507164'"
3062,23.81719763,90.34687364,"'23.81719763,90.34687364'"
3063,23.81719763,90.34867564,"'23.81719763,90.34867564'"
3064,23.81719763,90.35047764,"'23.81719763,90.35047764'"
3065,23.81719763,90.35227964,"'23.81719763,90.35227964'"
3066,23.81719763,90.35408164,"'23.81719763,90.35408164'"
3067,23.81719763,90.35588364,"'23.81719763,90.35588364'"
3068,23.81719763,90.35768564,"'23.81719763,90.35768564'"
3069,23.81719763,90.35948764,"'23.81719763,90.35948764'"
3070,23.81719763,90.36128964,"'23.81719763,90.36128964'"
3071,23.81719763,90.36309164,"'23.81719763,90.36309164'"
3072,23.81719763,90.36489364,"'23.81719763,90.36489364'"
3073,23.81719763,90.36669564,"'23.81719763,90.36669564'"
3074,23.81719763,90.36849764,"'23.81719763,90.36849764'"
3075,23.81719763,90.37029964,"'23.81719763,90.37029964'"
3076,23.81719763,90.37210164,"'23.81719763,90.37210164'"
3077,23.81719763,90.37390364,"'23.81719763,90.37390364'"
3078,23.81719763,90.37570564,"'23.81719763,90.37570564'"
3079,23.81719763,90.37750764,"'23.81719763,90.37750764'"
3080,23.81719763,90.37930964,"'23.81719763,90.37930964'"
3081,23.81719763,90.38111164,"'23.81719763,90.38111164'"
3082,23.81719763,90.38291364,"'23.81719763,90.38291364'"
3083,23.81719763,90.38471564,"'23.81719763,90.38471564'"
3084,23.81719763,90.38651764,"'23.81719763,90.38651764'"
3085,23.81719763,90.38831964,"'23.81719763,90.38831964'"
3086,23.81719763,90.39012164,"'23.81719763,90.39012164'"
3087,23.81719763,90.39192364,"'23.81719763,90.39192364'"
3088,23.81719763,90.39372564,"'23.81719763,90.39372564'"
3089,23.81719763,90.39552764,"'23.81719763,90.39552764'"
3090,23.81719763,90.39732964,"'23.81719763,90.39732964'"
3091,23.81719763,90.39913164,"'23.81719763,90.39913164'"
3092,23.81719763,90.40093364,"'23.81719763,90.40093364'"
3093,23.81719763,90.40273564,"'23.81719763,90.40273564'"
3094,23.81719763,90.40453764,"'23.81719763,90.40453764'"
3095,23.81719763,90.40633964,"'23.81719763,90.40633964'"
3096,23.81719763,90.40814164,"'23.81719763,90.40814164'"
3097,23.81719763,90.40994364,"'23.81719763,90.40994364'"
3098,23.81719763,90.41174564,"'23.81719763,90.41174564'"
3099,23.81719763,90.41354764,"'23.81719763,90.41354764'"
3100,23.81719763,90.41534964,"'23.81719763,90.41534964'"
3101,23.81719763,90.41715164,"'23.81719763,90.41715164'"
3102,23.81719763,90.41895364,"'23.81719763,90.41895364'"
3103,23.81719763,90.42075564,"'23.81719763,90.42075564'"
3104,23.81719763,90.42255764,"'23.81719763,90.42255764'"
3105,23.81719763,90.42435964,"'23.81719763,90.42435964'"
3106,23.81719763,90.42616164,"'23.81719763,90.42616164'"
3107,23.81719763,90.42796364,"'23.81719763,90.42796364'"
3108,23.81719763,90.42976564,"'23.81719763,90.42976564'"
3109,23.81719763,90.43156764,"'23.81719763,90.43156764'"
3110,23.81719763,90.43336964,"'23.81719763,90.43336964'"
3111,23.81899963,90.33606164,"'23.81899963,90.33606164'"
3112,23.81899963,90.33786364,"'23.81899963,90.33786364'"
3113,23.81899963,90.33966564,"'23.81899963,90.33966564'"
3114,23.81899963,90.34146764,"'23.81899963,90.34146764'"
3115,23.81899963,90.34326964,"'23.81899963,90.34326964'"
3116,23.81899963,90.34507164,"'23.81899963,90.34507164'"
3117,23.81899963,90.34687364,"'23.81899963,90.34687364'"
3118,23.81899963,90.34867564,"'23.81899963,90.34867564'"
3119,23.81899963,90.35047764,"'23.81899963,90.35047764'"
3120,23.81899963,90.35227964,"'23.81899963,90.35227964'"
3121,23.81899963,90.35408164,"'23.81899963,90.35408164'"
3122,23.81899963,90.35588364,"'23.81899963,90.35588364'"
3123,23.81899963,90.35768564,"'23.81899963,90.35768564'"
3124,23.81899963,90.35948764,"'23.81899963,90.35948764'"
3125,23.81899963,90.36128964,"'23.81899963,90.36128964'"
3126,23.81899963,90.36309164,"'23.81899963,90.36309164'"
3127,23.81899963,90.36489364,"'23.81899963,90.36489364'"
3128,23.81899963,90.36669564,"'23.81899963,90.36669564'"
3129,23.81899963,90.36849764,"'23.81899963,90.36849764'"
3130,23.81899963,90.37029964,"'23.81899963,90.37029964'"
3131,23.81899963,90.37210164,"'23.81899963,90.37210164'"
3132,23.81899963,90.37390364,"'23.81899963,90.37390364'"
3133,23.81899963,90.37570564,"'23.81899963,90.37570564'"
3134,23.81899963,90.37750764,"'23.81899963,90.37750764'"
3135,23.81899963,90.37930964,"'23.81899963,90.37930964'"
3136,23.81899963,90.38111164,"'23.81899963,90.38111164'"
3137,23.81899963,90.38291364,"'23.81899963,90.38291364'"
3138,23.81899963,90.38471564,"'23.81899963,90.38471564'"
3139,23.81899963,90.38651764,"'23.81899963,90.38651764'"
3140,23.81899963,90.38831964,"'23.81899963,90.38831964'"
3141,23.81899963,90.39012164,"'23.81899963,90.39012164'"
3142,23.81899963,90.39192364,"'23.81899963,90.39192364'"
3143,23.81899963,90.39372564,"'23.81899963,90.39372564'"
3144,23.81899963,90.39552764,"'23.81899963,90.39552764'"
3145,23.81899963,90.39732964,"'23.81899963,90.39732964'"
3146,23.81899963,90.39913164,"'23.81899963,90.39913164'"
3147,23.81899963,90.40093364,"'23.81899963,90.40093364'"
3148,23.81899963,90.40273564,"'23.81899963,90.40273564'"
3149,23.81899963,90.40453764,"'23.81899963,90.40453764'"
3150,23.81899963,90.40633964,"'23.81899963,90.40633964'"
3151,23.81899963,90.40814164,"'23.81899963,90.40814164'"
3152,23.81899963,90.40994364,"'23.81899963,90.40994364'"
3153,23.81899963,90.41174564,"'23.81899963,90.41174564'"
3154,23.81899963,90.41354764,"'23.81899963,90.41354764'"
3155,23.81899963,90.41534964,"'23.81899963,90.41534964'"
3156,23.81899963,90.41715164,"'23.81899963,90.41715164'"
3157,23.81899963,90.41895364,"'23.81899963,90.41895364'"
3158,23.81899963,90.42075564,"'23.81899963,90.42075564'"
3159,23.81899963,90.42255764,"'23.81899963,90.42255764'"
3160,23.81899963,90.42435964,"'23.81899963,90.42435964'"
3161,23.81899963,90.42616164,"'23.81899963,90.42616164'"
3162,23.81899963,90.42796364,"'23.81899963,90.42796364'"
3163,23.81899963,90.42976564,"'23.81899963,90.42976564'"
3164,23.81899963,90.43156764,"'23.81899963,90.43156764'"
3165,23.81899963,90.43336964,"'23.81899963,90.43336964'"
3166,23.82080163,90.33606164,"'23.82080163,90.33606164'"
3167,23.82080163,90.33786364,"'23.82080163,90.33786364'"
3168,23.82080163,90.33966564,"'23.82080163,90.33966564'"
3169,23.82080163,90.34146764,"'23.82080163,90.34146764'"
3170,23.82080163,90.34326964,"'23.82080163,90.34326964'"
3171,23.82080163,90.34507164,"'23.82080163,90.34507164'"
3172,23.82080163,90.34687364,"'23.82080163,90.34687364'"
3173,23.82080163,90.34867564,"'23.82080163,90.34867564'"
3174,23.82080163,90.35047764,"'23.82080163,90.35047764'"
3175,23.82080163,90.35227964,"'23.82080163,90.35227964'"
3176,23.82080163,90.35408164,"'23.82080163,90.35408164'"
3177,23.82080163,90.35588364,"'23.82080163,90.35588364'"
3178,23.82080163,90.35768564,"'23.82080163,90.35768564'"
3179,23.82080163,90.35948764,"'23.82080163,90.35948764'"
3180,23.82080163,90.36128964,"'23.82080163,90.36128964'"
3181,23.82080163,90.36309164,"'23.82080163,90.36309164'"
3182,23.82080163,90.36489364,"'23.82080163,90.36489364'"
3183,23.82080163,90.36669564,"'23.82080163,90.36669564'"
3184,23.82080163,90.36849764,"'23.82080163,90.36849764'"
3185,23.82080163,90.37029964,"'23.82080163,90.37029964'"
3186,23.82080163,90.37210164,"'23.82080163,90.37210164'"
3187,23.82080163,90.37390364,"'23.82080163,90.37390364'"
3188,23.82080163,90.37570564,"'23.82080163,90.37570564'"
3189,23.82080163,90.37750764,"'23.82080163,90.37750764'"
3190,23.82080163,90.37930964,"'23.82080163,90.37930964'"
3191,23.82080163,90.38111164,"'23.82080163,90.38111164'"
3192,23.82080163,90.38291364,"'23.82080163,90.38291364'"
3193,23.82080163,90.38471564,"'23.82080163,90.38471564'"
3194,23.82080163,90.38651764,"'23.82080163,90.38651764'"
3195,23.82080163,90.38831964,"'23.82080163,90.38831964'"
3196,23.82080163,90.39012164,"'23.82080163,90.39012164'"
3197,23.82080163,90.39192364,"'23.82080163,90.39192364'"
3198,23.82080163,90.39372564,"'23.82080163,90.39372564'"
3199,23.82080163,90.39552764,"'23.82080163,90.39552764'"
3200,23.82080163,90.39732964,"'23.82080163,90.39732964'"
